{
  "Total" : {
    "transaction" : "Total",
    "sampleCount" : 150,
    "errorCount" : 150,
    "errorPct" : 100.0,
    "meanResTime" : 1168.9133333333336,
    "medianResTime" : 422.0,
    "minResTime" : 152.0,
    "maxResTime" : 5104.0,
    "pct1ResTime" : 3393.4,
    "pct2ResTime" : 4443.999999999999,
    "pct3ResTime" : 5003.530000000002,
    "throughput" : 22.44165170556553,
    "receivedKBytesPerSec" : 203.44526107121484,
    "sentKBytesPerSec" : 5.016352016008378
  },
  "Login API Test" : {
    "transaction" : "Login API Test",
    "sampleCount" : 150,
    "errorCount" : 150,
    "errorPct" : 100.0,
    "meanResTime" : 1168.9133333333336,
    "medianResTime" : 422.0,
    "minResTime" : 152.0,
    "maxResTime" : 5104.0,
    "pct1ResTime" : 3393.4,
    "pct2ResTime" : 4443.999999999999,
    "pct3ResTime" : 5003.530000000002,
    "throughput" : 22.44165170556553,
    "receivedKBytesPerSec" : 203.44526107121484,
    "sentKBytesPerSec" : 5.016352016008378
  }
}